pl_name,hostname,sy_snum,sy_pnum,discoverymethod,disc_year,sy_dist,pl_orbper,pl_orbsmax,pl_rade,pl_masse,pl_orbeccen,pl_insol,pl_eqt,st_spectype,st_teff,st_rad,st_mass,ra,dec
AU Mic b,AU Mic,1,2,Transit,2020,9.7221000,8.46299910,0.064500,,20.12000,0.186000,,,,,,0.50,311.2911369,-31.3424500
AU Mic c,AU Mic,1,2,Transit,2021,9.7221000,18.85899100,0.110100,,9.60000,,,,,,,0.50,311.2911369,-31.3424500
DS Tuc A b,DS Tuc A,2,1,Transit,2019,44.0622000,8.13826800,,5.700,,0.000000,,850,G6 V,5428.00,0.96,1.01,354.9154673,-69.1960430
GJ 1252 b,GJ 1252,1,1,Transit,2020,20.3730000,0.51824160,0.009150,1.180,1.32000,,233.00,,,3458.00,0.39,0.38,306.9286462,-56.4622865
GJ 143 b,GJ 143,1,2,Transit,2019,16.3200000,35.61253000,0.191500,2.610,22.70000,0.188000,,422,K4.5,4640.00,0.69,0.73,51.7501882,-63.5001660
GJ 3090 b,GJ 3090,1,1,Transit,2022,22.4751000,2.85313600,0.031650,2.130,3.34000,0.320000,,693,M2 V,3556.00,0.52,0.52,20.4384281,-46.7147234
GJ 3473 b,GJ 3473,2,2,Transit,2020,27.3644000,1.19800350,0.015890,1.264,1.86000,0.000000,59.40,773,,3347.00,0.36,0.36,120.5936065,3.3371629
GJ 357 b,GJ 357,1,3,Transit,2019,9.4418100,3.93072000,0.035000,1.217,1.84000,,12.60,525,M2.5 V,3505.00,0.34,0.34,144.0074644,-21.6650634
GJ 367 b,GJ 367,1,1,Transit,2021,9.4126300,0.32196200,0.007100,0.718,0.54600,0.000000,,1745,M1.0 V,3522.00,0.46,0.45,146.1214640,-45.7790165
GJ 3929 b,GJ 3929,1,2,Transit,2022,15.8095000,2.61623500,0.025200,1.090,1.75000,0.000000,17.30,568,,3384.00,0.32,0.31,239.5775678,35.4081141
HD 108236 b,HD 108236,1,5,Transit,2020,64.5978000,3.79596300,0.045270,1.615,,0.045000,,,,5660.00,0.88,0.87,186.5740627,-51.3630519
HD 108236 c,HD 108236,1,5,Transit,2020,64.5978000,6.20344900,0.062000,2.071,,0.034000,,,,5660.00,0.88,0.87,186.5740627,-51.3630519
HD 108236 d,HD 108236,1,5,Transit,2020,64.5978000,14.17568500,0.107400,2.539,,0.055000,,,,5660.00,0.88,0.87,186.5740627,-51.3630519
HD 108236 e,HD 108236,1,5,Transit,2020,64.5978000,19.59002500,0.136700,3.083,,0.058000,,,,5660.00,0.88,0.87,186.5740627,-51.3630519
HD 109833 b,HD 109833,1,2,Transit,2022,79.5561000,9.18852600,,2.888,,0.180000,,,,5881.00,1.00,1.08,189.7758591,-74.5740205
HD 109833 c,HD 109833,1,2,Transit,2022,79.5561000,13.90014800,,2.590,,0.300000,,,,5881.00,1.00,1.08,189.7758591,-74.5740205
HD 110082 b,HD 110082,2,1,Transit,2021,105.0960000,10.18271000,0.113000,3.200,,0.200000,,,F8 V,6200.00,1.19,1.21,192.5892855,-88.1211107
HD 110113 b,HD 110113,1,2,Transit,2021,106.3070000,2.54100000,0.035000,2.050,4.55000,0.093000,735.49,1371,G,5732.00,0.97,1.00,190.0365636,-44.3120777
HD 1397 b,HD 1397,1,1,Transit,2018,79.5702000,11.53533000,0.109700,11.500,131.89945,0.251000,356.00,1228,,5521.00,2.34,1.32,4.4471631,-66.3589285
HD 152843 b,HD 152843,1,2,Transit,2021,107.8980000,11.62640000,0.105300,3.410,11.56000,0.140000,255.70,,G0,6310.00,1.43,1.15,253.7848853,20.4915240
HD 152843 c,HD 152843,1,2,Transit,2021,107.8980000,24.38000000,,5.830,27.50000,0.115000,,,G0,6310.00,1.43,1.15,253.7848853,20.4915240
HD 15337 b,HD 15337,1,2,Transit,2019,44.8155000,4.75615000,0.052200,1.640,7.51000,0.090000,,1001,K1 V,5125.00,0.86,0.90,36.8678846,-27.6361171
HD 15337 c,HD 15337,1,2,Transit,2019,44.8155000,17.17840000,0.126800,2.390,8.11000,0.050000,,642,K1 V,5125.00,0.86,0.90,36.8678846,-27.6361171
HD 183579 b,HD 183579,1,1,Transit,2021,57.2651000,17.47127800,0.133400,3.550,19.70000,0.280000,58.10,769,,5788.00,0.98,1.03,293.2866147,-54.5327284
HD 18599 b,HD 18599,2,1,Transit,2022,38.5653000,4.13743540,0.048000,2.600,24.10000,0.340000,,,K2 V,5145.00,0.77,0.86,44.2620144,-56.1918694
HD 191939 b,HD 191939,1,6,Transit,2020,53.6089000,8.88032560,0.080400,3.410,10.00000,0.031000,100.00,880,G9 V,5348.00,0.94,0.81,302.0256247,66.8503014
HD 191939 c,HD 191939,1,6,Transit,2020,53.6089000,28.57974300,0.175200,3.195,8.00000,0.034000,21.00,600,G9 V,5348.00,0.94,0.81,302.0256247,66.8503014
HD 191939 d,HD 191939,1,6,Transit,2020,53.6089000,38.35303700,0.213200,2.995,2.80000,0.031000,14.30,540,G9 V,5348.00,0.94,0.81,302.0256247,66.8503014
HD 191939 g,HD 191939,1,6,Transit,2022,53.6089000,284.00000000,0.812000,,,0.030000,0.99,278,G9 V,5348.00,0.94,0.81,302.0256247,66.8503014
HD 202772 A b,HD 202772 A,2,1,Transit,2019,161.4980000,3.30895800,0.052080,17.318,323.23311,0.038000,3440.00,2132,,6272.00,2.59,1.72,319.6995877,-26.6163743
HD 20329 b,HD 20329,1,1,Transit,2022,63.6796000,0.92611800,0.018000,1.720,7.42000,0.000000,3474.00,2141,,5596.00,1.13,0.90,49.1781240,15.6563542
HD 207897 b,HD 207897,1,1,Transit,2021,28.2938000,16.20215900,0.116300,2.501,14.40000,0.047000,26.50,632,K0 V,5070.00,0.78,0.80,325.2016451,84.3337613
HD 213885 b,HD 213885,1,2,Transit,2019,48.0883000,1.00803500,0.020120,1.745,8.83000,0.000000,,2128,G,5978.00,1.10,1.07,338.9837166,-59.8648290
HD 21749 c,GJ 143,1,2,Transit,2019,16.3200000,7.78993000,0.069500,0.892,3.70000,,,701,K4.5,4640.00,0.69,0.73,51.7501882,-63.5001660
HD 219666 b,HD 219666,1,1,Transit,2018,94.1719000,6.03607000,0.063560,4.710,16.60000,0.000000,,1073,,5527.00,1.03,0.92,349.5592665,-56.9039857
HD 221416 b,HD 221416,1,1,Transit,2019,95.5483000,14.27670000,0.122800,9.170,60.50000,0.115000,,,,5080.00,2.94,1.21,353.0331863,-21.8012007
HD 23472 b,HD 23472,1,5,Transit,2019,39.0341000,17.66708700,0.116200,2.000,8.32000,0.072000,16.00,543,K4 V,4684.00,0.71,0.67,55.4590314,-62.7672667
HD 23472 c,HD 23472,1,5,Transit,2019,39.0341000,29.79749000,0.164600,1.870,3.41000,0.063000,7.96,467,K4 V,4684.00,0.71,0.67,55.4590314,-62.7672667
HD 23472 d,HD 23472,1,5,Transit,2022,39.0341000,3.97664000,0.042980,0.750,0.55000,0.070000,117.00,909,K4 V,4684.00,0.71,0.67,55.4590314,-62.7672667
HD 23472 e,HD 23472,1,5,Transit,2022,39.0341000,7.90754000,0.068000,0.818,0.72000,0.070000,46.70,723,K4 V,4684.00,0.71,0.67,55.4590314,-62.7672667
HD 23472 f,HD 23472,1,5,Transit,2022,39.0341000,12.16218390,0.090600,1.137,0.77000,0.070000,26.30,630,K4 V,4684.00,0.71,0.67,55.4590314,-62.7672667
HD 260655 b,HD 260655,1,2,Transit,2022,10.0055000,2.76953000,0.029330,1.240,2.14000,0.039000,42.20,709,M0 V,3803.00,0.44,0.44,99.2915429,17.5662696
HD 260655 c,HD 260655,1,2,Transit,2022,10.0055000,5.70588000,0.047490,1.533,3.09000,0.038000,16.10,557,M0 V,3803.00,0.44,0.44,99.2915429,17.5662696
HD 2685 b,HD 2685,1,1,Transit,2019,196.8520000,4.12688000,0.056800,16.141,371.86110,0.091000,,2061,,6801.00,1.56,1.43,7.3289156,-76.3040320
HD 28109 b,HD 28109,1,3,Transit,2022,139.6110000,22.89104000,0.135700,2.199,18.49600,0.330700,,881,F8/G0 V,6120.00,1.45,1.26,65.2383065,-68.1026875
HD 28109 c,HD 28109,1,3,Transit,2022,139.6110000,56.00819000,0.308000,4.230,7.94300,0.120300,,585,F8/G0 V,6120.00,1.45,1.26,65.2383065,-68.1026875
HD 28109 d,HD 28109,1,3,Transit,2022,139.6110000,84.25999000,0.411000,3.250,5.68100,0.086400,,506,F8/G0 V,6120.00,1.45,1.26,65.2383065,-68.1026875
HD 332231 b,HD 332231,1,1,Transit,2020,80.6665000,18.71204000,0.143600,9.718,77.55052,0.032000,98.09,876,F8,6089.00,1.28,1.13,306.7411340,33.7443882
HD 5278 b,HD 5278,1,2,Transit,2021,57.5846000,14.33915600,0.120200,2.450,7.80000,0.080000,132.00,943,F V,6203.00,1.19,1.13,12.5467785,-83.7437671
HD 56414 b,HD 56414,1,1,Transit,2022,272.2170000,29.04992000,0.229000,3.710,,0.680000,,1133,,8500.00,1.75,1.89,107.8436846,-68.8333403
HD 63433 b,HD 63433,1,2,Transit,2020,22.4035000,7.10793000,0.071900,2.150,,0.000000,,,,5640.00,0.91,0.99,117.4793699,27.3631342
HD 63433 c,HD 63433,1,2,Transit,2020,22.4035000,20.54530000,0.145800,2.670,,0.000000,,,,5640.00,0.91,0.99,117.4793699,27.3631342
HD 63935 b,HD 63935,1,2,Transit,2021,48.9739000,9.05881100,,2.990,10.80000,0.000000,115.60,911,,5534.00,0.96,0.93,117.9246417,9.3852412
HD 73583 b,HD 73583,1,2,Transit,2022,31.5666000,6.39804200,0.060400,2.790,10.20000,0.090000,43.30,714,K4 V,4511.00,0.65,0.73,129.6883026,-13.2565267
HD 73583 c,HD 73583,1,2,Transit,2022,31.5666000,18.87974000,0.124200,2.390,9.70000,0.080000,10.20,498,K4 V,4511.00,0.65,0.73,129.6883026,-13.2565267
HD 86226 c,HD 86226,1,2,Transit,2020,45.6830000,3.98442000,0.049000,2.160,7.25000,0.075000,,1311,G1 V,5863.00,1.05,1.02,149.1235154,-24.0991859
HD 93963 A b,HD 93963 A,2,2,Transit,2022,82.3432000,1.03913530,0.020850,1.350,7.80000,,2898.00,2042,G0 V,5987.00,1.04,1.11,162.7766969,25.6410650
HD 93963 A c,HD 93963 A,2,2,Transit,2022,82.3432000,3.64513980,0.048130,3.228,19.20000,,543.80,1344,G0 V,5987.00,1.04,1.11,162.7766969,25.6410650
HIP 65 A b,HIP 65 A,2,1,Transit,2020,61.7856000,0.98097340,0.017820,22.754,1021.18779,0.000000,661.00,1411,K4 V,4590.00,0.72,0.78,0.1856063,-54.8308228
HIP 67522 b,HIP 67522,1,1,Transit,2020,127.2800000,6.95950300,,10.070,,0.059000,,1174,,5675.00,1.38,1.22,207.5260010,-40.8358961
HIP 94235 b,HIP 94235,2,1,Transit,2022,58.5146000,7.71305700,0.078700,3.000,379.00000,0.320000,,1060,G V,5991.00,1.08,1.09,287.7411441,-60.2726358
HIP 97166 b,HIP 97166,1,2,Transit,2021,65.9501000,10.28891000,0.089000,2.740,20.00000,0.160000,,757,K0 V,5198.00,0.84,0.90,296.2446203,74.0628577
HR 858 b,HR 858,2,3,Transit,2019,31.9640000,3.58599000,0.048000,2.085,,0.300000,989.70,1572,,6201.00,1.31,1.15,42.9849779,-30.8140609
HR 858 c,HR 858,2,3,Transit,2019,31.9640000,5.97293000,0.067400,1.939,,0.190000,512.00,1326,,6201.00,1.31,1.15,42.9849779,-30.8140609
HR 858 d,HR 858,2,3,Transit,2019,31.9640000,11.23000000,0.102700,2.164,,0.280000,217.00,1075,,6201.00,1.31,1.15,42.9849779,-30.8140609
L 168-9 b,L 168-9,1,1,Transit,2020,25.1496000,1.40150000,0.020910,1.390,4.60000,0.210000,,965,M1 V,3800.00,0.60,0.62,350.0285917,-60.0657292
L 98-59 b,L 98-59,1,4,Transit,2019,10.6194000,2.25311360,0.021910,0.850,0.40000,0.103000,24.70,627,M3 V,3415.00,0.30,0.27,124.5328604,-68.3144658
L 98-59 c,L 98-59,1,4,Transit,2019,10.6194000,3.69067770,0.030400,1.385,2.22000,0.103000,12.80,553,M3 V,3415.00,0.30,0.27,124.5328604,-68.3144658
L 98-59 d,L 98-59,1,4,Transit,2019,10.6194000,7.45072450,0.048600,1.521,1.94000,0.074000,5.01,416,M3 V,3415.00,0.30,0.27,124.5328604,-68.3144658
LHS 1478 b,LHS 1478,1,1,Transit,2021,18.2276000,1.94953780,0.018480,1.242,2.33000,,,595,m3 V,3381.00,0.25,0.24,44.3388743,76.5514045
LHS 1678 b,LHS 1678,2,2,Transit,2021,19.8782000,0.86023220,0.012510,0.696,0.35000,0.250000,93.20,,M2.0 V,3490.00,0.33,0.34,68.1789866,-39.7908744
LHS 1678 c,LHS 1678,2,2,Transit,2021,19.8782000,3.69424700,0.033100,0.982,1.40000,0.220000,13.50,,M2.0 V,3490.00,0.33,0.34,68.1789866,-39.7908744
LHS 1815 b,LHS 1815,1,1,Transit,2020,29.8424000,3.81433000,0.040400,1.088,8.70000,0.000000,,617,M1,3643.00,0.50,0.50,91.0899861,-55.3115376
LHS 3844 b,LHS 3844,1,1,Transit,2019,14.8846000,0.46292913,0.006220,1.303,,,70.10,805,M5,3036.00,0.19,0.15,340.4962038,-69.1721081
LP 714-47 b,LP 714-47,1,1,Transit,2020,52.6160000,4.05203700,0.041700,4.700,30.80000,0.040000,,700,M0.0 V,3950.00,0.58,0.59,64.1902212,-12.0848643
LP 791-18 b,LP 791-18,1,2,Transit,2019,26.4927000,0.94800500,0.009690,1.120,,0.000000,21.50,650,M(6.1+/-0.7) V,2960.00,0.17,0.14,165.6904843,-16.4064445
LP 791-18 c,LP 791-18,1,2,Transit,2019,26.4927000,4.98996300,0.029392,2.310,,0.000000,2.35,370,M(6.1+/-0.7) V,2960.00,0.17,0.14,165.6904843,-16.4064445
LP 890-9 b,LP 890-9,1,2,Transit,2022,32.4298000,2.72990250,0.018750,1.320,13.20000,,4.09,396,M6 V,2850.00,0.16,0.12,64.1309096,-28.3157909
LTT 1445 A b,LTT 1445 A,3,2,Transit,2019,6.8692900,5.35876570,0.038130,1.305,2.87000,0.110000,5.40,424,,3340.00,0.27,0.26,45.4624781,-16.5944956
LTT 1445 A c,LTT 1445 A,3,2,Transit,2022,6.8692900,3.12390350,0.026610,1.147,1.54000,0.223000,10.90,508,,3340.00,0.27,0.26,45.4624781,-16.5944956
LTT 3780 b,LTT 3780,2,2,Transit,2020,21.9814000,0.76844800,0.012110,1.332,2.62000,0.000000,106.00,892,M4 V,3331.00,0.37,0.40,154.6449033,-11.7178010
LTT 3780 c,LTT 3780,2,2,Transit,2020,21.9814000,12.25190000,0.076730,2.300,8.60000,0.060000,2.63,353,M4 V,3331.00,0.37,0.40,154.6449033,-11.7178010
LTT 9779 b,LTT 9779,1,1,Transit,2020,80.4373000,0.79205200,0.016790,4.720,29.32000,0.000000,,1978,G7 V,5443.00,0.95,0.77,358.6688767,-37.6282237
NGTS-11 b,NGTS-11,1,1,Transit,2020,190.4220000,35.45533000,0.201000,9.158,109.33352,0.130000,,435,K,5050.00,0.83,0.86,23.5214497,-14.4191493
NGTS-20 b,NGTS-20,1,1,Transit,2022,382.8980000,54.18915000,0.313000,11.994,947.12865,0.432000,,688,G1 IV,5980.00,1.78,1.47,46.2926368,-21.9336472
TIC 172900988 b,TIC 172900988 Aa,2,1,Transit,2021,250.9560000,200.45200000,0.902810,11.250,942.00000,0.027100,,,F9,6050.00,1.38,1.24,128.6616644,31.5539793
TIC 237913194 b,TIC 237913194,1,1,Transit,2020,306.0630000,15.16886500,0.120700,12.520,617.22586,0.575000,,974,G3,5788.00,1.09,1.03,22.4458116,-60.7399096
TIC 257060897 b,TIC 257060897,1,1,Transit,2021,505.7030000,3.66002800,0.051000,16.701,212.94503,0.030000,,1762,,,1.82,1.32,227.5321527,72.7103128
TOI-1062 b,TOI-1062,1,2,Transit,2021,82.1733000,4.11296000,0.052000,2.265,10.15000,0.177000,232.00,1077,G9 V,5328.00,0.84,0.94,38.1209678,-78.0236828
TOI-1062 c,TOI-1062,1,2,Radial Velocity,2021,82.1733000,7.97200000,0.080000,,,0.140000,95.00,859,G9 V,5328.00,0.84,0.94,38.1209678,-78.0236828
TOI-1064 b,TOI-1064,1,2,Transit,2022,68.0726000,6.44386800,0.061520,2.587,13.50000,0.047000,62.90,784,,4734.00,0.73,0.75,296.0039349,-47.5620305
TOI-1064 c,TOI-1064,1,2,Transit,2022,68.0726000,12.22657400,0.094290,2.651,2.50000,0.088000,26.80,634,,4734.00,0.73,0.75,296.0039349,-47.5620305
TOI-1075 b,TOI-1075,1,1,Transit,2022,61.4592000,0.60473280,0.011590,1.791,9.95000,0.000000,509.20,1323,K9 V/M0 V,3875.00,0.58,0.60,309.9712091,-65.4496994
TOI-1107 b,TOI-1107,1,1,Transit,2022,281.3140000,4.07823870,0.056100,14.572,1064.72516,0.025000,532.00,1728,F6 V,6311.00,1.81,1.35,155.6078632,-82.2188693
TOI-1130 b,TOI-1130,1,2,Transit,2020,58.2609000,4.06649900,0.043940,3.650,,0.220000,,810,K7,4250.00,0.69,0.68,286.3760037,-41.4376399
TOI-1130 c,TOI-1130,1,2,Transit,2020,58.2609000,8.35038100,0.070980,16.814,309.56642,0.047000,,637,K7,4250.00,0.69,0.68,286.3760037,-41.4376399
TOI-1136 b,TOI-1136,1,6,Transit,2022,84.5362000,4.17278000,,1.900,,0.031000,,,,5770.00,0.97,1.02,192.1848981,64.8552755
TOI-1136 c,TOI-1136,1,6,Transit,2022,84.5362000,6.25725000,,2.879,,0.117000,,,,5770.00,0.97,1.02,192.1848981,64.8552755
TOI-1136 d,TOI-1136,1,6,Transit,2022,84.5362000,12.51937000,,4.627,,0.016000,,,,5770.00,0.97,1.02,192.1848981,64.8552755
TOI-1136 e,TOI-1136,1,6,Transit,2022,84.5362000,18.79920000,,2.639,,0.057000,,,,5770.00,0.97,1.02,192.1848981,64.8552755
TOI-1136 f,TOI-1136,1,6,Transit,2022,84.5362000,26.31620000,,3.880,,0.012000,,,,5770.00,0.97,1.02,192.1848981,64.8552755
TOI-1136 g,TOI-1136,1,6,Transit,2022,84.5362000,39.53870000,,2.530,,0.036000,,,,5770.00,0.97,1.02,192.1848981,64.8552755
TOI-1181 b,TOI-1181,1,1,Transit,2022,302.8190000,2.10319500,,14.572,375.03752,,,,F9 IV,5990.00,1.75,1.19,297.2158166,64.3543506
TOI-1201 b,TOI-1201,2,1,Transit,2021,37.8871000,2.49198630,0.028700,2.415,6.28000,0.000000,40.60,703,M2.0 V,3476.00,0.51,0.51,42.2476999,-14.5372835
TOI-122 b,TOI-122,1,1,Transit,2020,62.1180000,5.07803000,0.039200,2.720,,0.000000,8.80,471,M3 V,3403.00,0.33,0.31,332.9482355,-58.9460850
TOI-1227 b,TOI-1227,1,1,Transit,2022,100.6410000,27.36397000,0.088600,9.572,,,3.21,,M4.5V-M5V,3072.00,0.56,0.17,186.7673635,-72.4518501
TOI-1231 b,TOI-1231,1,1,Transit,2021,27.6227000,24.24558600,0.128800,3.650,15.40000,0.087000,1.93,330,M3 V,3553.00,0.48,0.48,156.7472600,-52.4678724
TOI-1235 b,TOI-1235,1,1,Transit,2020,39.6345000,3.44471700,0.038260,1.694,5.90000,,60.30,775,M0.5 V,3997.00,0.62,0.63,152.2182549,69.2766204
TOI-1246 b,TOI-1246,1,4,Transit,2022,169.4220000,4.30744000,0.049000,3.010,8.10000,,196.00,955,K V,5151.00,0.86,0.87,251.1158702,70.4299917
TOI-1246 c,TOI-1246,1,4,Transit,2022,169.4220000,5.90414400,0.061000,2.510,8.80000,,129.00,860,K V,5151.00,0.86,0.87,251.1158702,70.4299917
TOI-1246 d,TOI-1246,1,4,Transit,2022,169.4220000,18.65590000,0.131000,3.510,5.30000,,28.00,586,K V,5151.00,0.86,0.87,251.1158702,70.4299917
TOI-1246 e,TOI-1246,1,4,Transit,2022,169.4220000,37.92160000,0.211000,3.780,14.80000,,11.00,462,K V,5151.00,0.86,0.87,251.1158702,70.4299917
TOI-125 b,TOI-125,1,3,Transit,2019,111.0590000,4.65382000,0.051860,2.726,9.50000,0.194000,185.00,1037,K0 V,5320.00,0.85,0.86,23.5934253,-66.6763495
TOI-125 c,TOI-125,1,3,Transit,2019,111.0590000,9.15059000,0.081400,2.759,6.63000,0.066000,77.59,828,K0 V,5320.00,0.85,0.86,23.5934253,-66.6763495
TOI-125 d,TOI-125,1,3,Transit,2020,111.0590000,19.98000000,0.137000,2.930,13.60000,0.168000,26.70,638,K0 V,5320.00,0.85,0.86,23.5934253,-66.6763495
TOI-1259 A b,TOI-1259 A,2,1,Transit,2021,118.1060000,3.47797800,0.040700,11.456,140.16233,0.000000,,963,,4775.00,0.71,0.74,282.1001665,79.2564761
TOI-1260 b,TOI-1260,1,3,Transit,2021,73.5977000,3.12746300,0.036700,2.410,8.56000,0.000000,95.58,871,,4227.00,0.67,0.68,157.1440712,65.8541986
TOI-1260 c,TOI-1260,1,3,Transit,2021,73.5977000,7.49313400,0.065700,2.760,13.20000,0.000000,29.81,651,,4227.00,0.67,0.68,157.1440712,65.8541986
TOI-1260 d,TOI-1260,1,3,Transit,2022,73.5977000,16.60816400,0.111600,3.120,11.84000,0.000000,10.32,499,,4227.00,0.67,0.68,157.1440712,65.8541986
TOI-1266 b,TOI-1266,1,2,Transit,2020,36.0118000,10.89484300,0.073600,2.370,13.50000,0.090000,4.90,413,M3,3600.00,0.42,0.45,197.9965833,65.8336973
TOI-1266 c,TOI-1266,1,2,Transit,2020,36.0118000,18.80151000,0.105800,1.560,2.20000,0.040000,2.30,344,M3,3600.00,0.42,0.45,197.9965833,65.8336973
TOI-1268 b,TOI-1268,1,1,Transit,2022,109.5570000,8.15770940,0.071100,9.100,96.40000,0.105000,,919,K1-K2,5300.00,0.92,0.96,198.3885831,62.3053799
TOI-1272 b,TOI-1272,1,2,Transit,2022,137.5720000,3.31599000,0.041200,4.140,24.60000,0.338000,,961,,4985.00,0.79,0.85,199.1962036,49.8610591
TOI-1278 b,TOI-1278,1,1,Transit,2021,75.5759000,14.47567000,0.095000,12.218,5879.82553,0.013000,,,M0 V,3799.00,0.57,0.54,320.4784442,35.6486250
TOI-1288 b,TOI-1288,1,1,Transit,2022,114.8650000,2.69998000,0.042900,5.080,,,,,,5307.00,0.97,1.46,313.1670294,65.6087833
TOI-1296 b,TOI-1296,1,1,Transit,2021,323.2650000,3.94437150,0.049700,13.798,94.71287,0.055000,,1562,,5603.00,1.66,1.17,256.7706392,70.2384806
TOI-1298 b,TOI-1298,1,1,Transit,2021,319.0360000,4.53716400,0.059000,9.427,113.14691,0.032000,,1388,,5889.00,1.41,1.44,241.3229012,70.1900397
TOI-132 b,TOI-132,1,1,Transit,2020,163.6780000,2.10970190,0.026000,3.420,22.40000,0.059000,860.00,1395,G8 V,5397.00,0.90,0.97,338.3996623,-43.4368720
TOI-1333 b,TOI-1333,2,1,Transit,2021,200.4920000,4.72021900,0.062600,15.648,753.25710,0.073000,,1679,,6274.00,1.93,1.46,325.0145363,48.4067674
TOI-1338 b,TOI-1338,2,1,Transit,2020,399.0170000,95.17400000,0.460700,6.850,33.00000,0.088000,,,,6050.00,1.33,1.13,92.1330955,-59.5409853
TOI-1411 b,TOI-1411,1,1,Transit,2022,32.4778000,1.45203580,0.023000,1.360,,,,1136,,4266.00,0.66,0.59,232.9460470,47.0555507
TOI-1422 b,TOI-1422,1,1,Transit,2022,155.1410000,12.99720000,0.108000,3.960,9.00000,0.040000,,867,G2 V,5840.00,1.02,0.98,354.2408290,39.6392793
TOI-1431 b,TOI-1431,1,1,Transit,2021,148.9250000,2.65023700,0.046000,16.701,991.62463,0.002200,5300.00,2370,Am C,7690.00,1.92,1.90,316.2036922,55.5880221
TOI-1442 b,TOI-1442,1,1,Transit,2022,41.1659000,0.40906770,0.007100,1.170,,,,1072,,3330.00,0.31,0.29,287.2921006,74.1742762
TOI-1444 b,TOI-1444,1,2,Transit,2021,125.4630000,0.47026940,,1.397,3.87000,0.000000,,,,5430.00,0.91,0.93,305.4749252,70.9437054
TOI-1452 b,TOI-1452,2,1,Transit,2022,30.5212000,11.06201000,0.061000,1.672,4.82000,0.000000,1.80,326,M4 &#177 0.5 V,3185.00,0.28,0.25,290.1739741,73.1951082
TOI-1468 b,TOI-1468,1,2,Transit,2022,24.7399000,1.88051360,,1.280,3.21000,,36.00,682,M3.0 V,3496.00,0.34,0.34,16.6538724,19.2249195
TOI-1468 c,TOI-1468,1,2,Transit,2022,24.7399000,15.53248200,,2.064,6.64000,,2.15,338,M3.0 V,3496.00,0.34,0.34,16.6538724,19.2249195
TOI-1478 b,TOI-1478,1,1,Transit,2021,152.8920000,10.18024900,0.090300,11.882,270.47333,0.024000,,918,,5597.00,1.05,0.95,126.4337428,-13.5595485
TOI-150.01,TOI-150,1,1,Transit,2019,336.2670000,5.85748700,0.070370,14.067,797.75330,0.262000,,1404,F,6255.00,1.53,1.35,112.9654210,-73.6060358
TOI-1516 b,TOI-1516,1,1,Transit,2022,247.0540000,2.05601400,,15.244,1004.33777,,,,F8 V,6520.00,1.14,1.14,340.0846204,69.5037313
TOI-157 b,TOI-157,1,1,Transit,2020,355.6830000,2.08454350,0.031380,14.415,375.03940,0.000000,1062.00,1588,G9 IV,5404.00,1.17,0.95,73.7014398,-76.6806061
TOI-1601 b,TOI-1601,1,1,Transit,2021,336.6080000,5.33175100,0.068640,13.888,314.65170,0.036000,,1619,,5948.00,2.19,1.52,38.3615690,41.0134321
TOI-163 b,TOI-163,1,1,Transit,2019,411.7190000,4.23130600,0.058000,16.690,387.75260,0.000000,,1669,F,6495.00,1.65,1.44,79.7682532,-71.8955269
TOI-1634 b,TOI-1634,2,1,Transit,2021,35.2736000,0.98934300,0.015450,1.790,4.91000,0.160000,121.00,924,M2,3550.00,0.45,0.50,56.3906096,37.1122803
TOI-1670 b,TOI-1670,1,2,Transit,2022,168.0670000,10.98462000,0.103000,2.060,41.31769,0.590000,,1062,F7 V,6170.00,1.32,1.21,259.0172522,72.1611806
TOI-1670 c,TOI-1670,1,2,Transit,2022,168.0670000,40.74976000,0.249000,11.063,200.23190,0.090000,,684,F7 V,6170.00,1.32,1.21,259.0172522,72.1611806
TOI-1685 b,TOI-1685,1,1,Transit,2021,37.6153000,0.66914030,,1.700,3.78000,,217.00,1069,M3.0 V,3434.00,0.49,0.49,68.5939529,43.0370395
TOI-169 b,TOI-169,1,1,Transit,2020,407.8400000,2.25544770,0.035240,12.173,251.40353,0.000000,1443.00,1715,G1 V,5880.00,1.29,1.15,16.7786879,-75.1989452
TOI-1693 b,TOI-1693,1,1,Transit,2022,30.7947000,1.76669570,0.022600,1.410,,,,764,,3499.00,0.46,0.49,90.3083455,34.7730904
TOI-1695 b,TOI-1695,1,1,Transit,2022,45.1309000,3.13427900,,2.030,5.50000,0.000000,27.00,590,,3650.00,0.53,0.54,21.9217346,72.2966148
TOI-1696 b,TOI-1696,1,1,Transit,2022,64.9172000,2.50031100,0.022900,3.090,48.80000,,,489,M5V,3185.00,0.28,0.26,65.2806480,48.8198312
TOI-1710 b,TOI-1710,1,1,Transit,2022,81.2271000,24.28342900,0.160000,5.340,28.30000,0.160000,,,G5 V,5665.00,0.97,0.98,94.2838373,76.2110200
TOI-172 b,TOI-172,1,1,Transit,2019,342.8310000,9.47725000,0.091400,10.817,1722.63860,0.380600,299.00,1198,,5645.00,1.78,1.13,316.6318791,-26.6928654
TOI-1728 b,TOI-1728,1,1,Transit,2020,60.7980000,3.49151000,0.039100,5.050,26.78000,0.057000,57.78,767,M0,3980.00,0.62,0.65,120.6116787,64.7971531
TOI-1749 b,TOI-1749,1,3,Transit,2021,99.5561000,2.38839000,0.029100,1.390,57.00000,0.140000,,831,M0 V,3985.00,0.55,0.58,282.7372281,64.4194660
TOI-1749 c,TOI-1749,1,3,Transit,2021,99.5561000,4.49290000,0.044300,2.120,14.00000,0.019000,,673,M0 V,3985.00,0.55,0.58,282.7372281,64.4194660
TOI-1749 d,TOI-1749,1,3,Transit,2021,99.5561000,9.04970000,0.070700,2.520,15.00000,0.062000,,533,M0 V,3985.00,0.55,0.58,282.7372281,64.4194660
TOI-1759 b,TOI-1759,1,1,Transit,2022,40.0654000,18.85019000,0.117700,3.140,10.80000,0.000000,6.39,443,M0.0 V,4065.00,0.60,0.61,326.8516615,62.7538164
TOI-178 b,TOI-178,1,6,Transit,2021,62.6990000,1.91455800,0.026070,1.152,1.50000,,,1040,K,4316.00,0.65,0.65,7.3020115,-30.4541159
TOI-178 c,TOI-178,1,6,Transit,2021,62.6990000,3.23845000,0.037000,1.669,4.77000,,,873,K,4316.00,0.65,0.65,7.3020115,-30.4541159
TOI-178 d,TOI-178,1,6,Transit,2021,62.6990000,6.55770000,0.059200,2.572,3.01000,,,690,K,4316.00,0.65,0.65,7.3020115,-30.4541159
TOI-178 e,TOI-178,1,6,Transit,2021,62.6990000,9.96188100,0.078300,2.207,3.86000,,,600,K,4316.00,0.65,0.65,7.3020115,-30.4541159
TOI-178 g,TOI-178,1,6,Transit,2021,62.6990000,20.70950000,0.127500,2.870,3.94000,,,470,K,4316.00,0.65,0.65,7.3020115,-30.4541159
TOI-1789 b,TOI-1789,1,1,Transit,2021,229.0670000,3.20866400,0.048820,16.141,222.47988,,2300.00,1927,F,5991.00,2.17,1.51,142.7434060,26.5399951
TOI-1807 b,TOI-1807,1,1,Transit,2021,42.5775000,0.54937200,0.008120,1.258,,,,2100,,4757.00,0.68,0.75,201.2826259,38.9223671
TOI-1820 b,TOI-1820,1,1,Transit,2022,248.5040000,4.86067400,0.061000,12.778,731.00534,0.043000,,1375,,5734.00,1.51,1.04,187.6867207,27.4520016
TOI-1842 b,TOI-1842,1,1,Transit,2021,223.4650000,9.57390000,0.100100,11.657,68.01528,,,,,6230.00,2.02,1.46,201.9626552,9.0306437
TOI-1860 b,TOI-1860,1,1,Transit,2022,45.8640000,1.06621070,0.020400,1.310,,,,1885,G V,5752.00,0.94,0.99,226.4567308,64.0476821
TOI-1899 b,TOI-1899,1,1,Transit,2020,128.4380000,29.02000000,0.158700,12.890,209.76780,0.118000,2.90,362,M0,3841.00,0.61,0.63,299.4268472,40.1433462
TOI-201 b,TOI-201,1,1,Transit,2021,113.8250000,52.97818000,0.300000,11.299,133.48860,0.280000,,759,F6 V,6394.00,1.32,1.32,87.4017825,-54.9104230
TOI-2025 b,TOI-2025,1,1,Transit,2022,335.9850000,8.87207800,0.092000,12.520,1398.44499,0.410000,,1167,,5880.00,1.56,1.32,282.7952558,82.2454143
TOI-2046 b,TOI-2046,1,1,Transit,2022,289.6680000,1.49718420,,16.141,731.00534,,,,F8 V,6250.00,1.21,1.13,16.1849423,74.3313055
TOI-2048 b,TOI-2048,1,1,Transit,2022,116.5670000,13.79019000,,2.060,,0.130000,,,G V,5185.00,0.79,0.83,237.9241066,52.3063083
TOI-206 b,TOI-206,1,1,Transit,2022,47.7465000,0.73631040,0.011200,1.300,,,,910,,3383.00,0.35,0.35,73.7382202,-62.5218740
TOI-2076 b,TOI-2076,1,3,Transit,2021,41.9091000,10.35509000,0.068200,2.518,,,84.06,797,,5200.00,0.77,0.82,217.3920159,39.7903991
TOI-2076 c,TOI-2076,1,3,Transit,2021,41.9091000,21.01538000,0.109300,3.497,,,32.70,630,,5200.00,0.77,0.82,217.3920159,39.7903991
TOI-2076 d,TOI-2076,1,3,Transit,2021,41.9091000,35.12537000,0.153900,3.232,,,16.50,530,,5200.00,0.77,0.82,217.3920159,39.7903991
TOI-2081 b,TOI-2081,1,1,Transit,2022,62.3446000,10.50534000,0.075200,2.040,,,8.10,488,M1.0,3800.00,0.53,0.54,264.3022634,53.0255666
TOI-2109 b,TOI-2109,1,1,Transit,2021,262.0410000,0.67247414,0.017910,15.098,1595.49860,,,3646,F,6540.00,1.70,1.45,253.1862971,16.5799153
TOI-2136 b,TOI-2136,1,1,Transit,2022,33.3631000,7.85192800,0.057000,2.190,6.37000,0.000000,4.00,395,M4.5 V,3342.00,0.34,0.34,281.1763433,36.5631318
TOI-2158 b,TOI-2158,1,1,Transit,2022,198.4730000,8.60077000,0.075000,10.761,260.61929,0.070000,,1188,,5673.00,1.41,1.12,276.8100527,20.5268868
TOI-216.01,TOI-216,1,2,Transit,2019,177.9450000,34.52552800,,10.100,177.98391,0.004600,,,,,0.75,0.77,73.9800129,-63.2603301
TOI-216.02,TOI-216,1,2,Transit,2019,177.9450000,17.16073000,,8.000,18.75188,0.160000,,,,,0.75,0.77,73.9800129,-63.2603301
TOI-2180 b,TOI-2180,1,1,Transit,2022,116.6850000,260.79000000,0.828000,11.321,875.61726,0.368300,2.71,348,G5,5695.00,1.64,1.11,277.9436300,56.6506789
TOI-2184 b,TOI-2184,1,1,Transit,2022,788.3170000,6.90683000,,11.400,206.58846,0.080000,1429.00,,,5966.00,2.90,1.53,100.8331246,-66.9476563
TOI-2193 A b,TOI-2193 A,2,1,Transit,2022,337.0640000,2.12257350,0.033190,19.840,298.75870,0.000000,1600.00,1763,,5966.00,1.25,1.08,313.6912320,-72.8046404
TOI-2196 b,TOI-2196,1,1,Transit,2022,259.9470000,1.19472680,0.022340,3.510,26.00000,0.000000,2000.00,1860,G V,5634.00,1.04,1.03,312.3400744,-70.4850723
TOI-220 b,TOI-220,1,1,Transit,2021,90.7402000,10.69526400,0.089110,3.030,13.80000,0.032000,,805,K0 V,5298.00,0.86,0.82,91.7996988,-61.9972098
TOI-2202 b,TOI-2202,1,2,Transit,2021,235.9330000,11.91010000,0.095640,11.321,310.83618,0.042000,,,K8 V,5144.00,0.79,0.82,51.2284214,-73.9575458
TOI-2207 b,TOI-2207,1,1,Transit,2022,373.3450000,8.00196800,0.085400,11.153,203.41018,0.174000,406.00,1259,,6101.00,1.56,1.30,307.5966925,-44.8876181
TOI-2236 b,TOI-2236,1,1,Transit,2022,355.5900000,3.53159020,0.050090,14.370,502.16888,0.000000,1356.00,1688,,6248.00,1.57,1.34,20.1660113,-86.9799650
TOI-2257 b,TOI-2257,1,1,Transit,2021,57.7911000,35.18934600,0.145000,2.194,,0.496000,,256,M3,3430.00,0.31,0.33,194.7396141,77.6617157
TOI-2260 b,TOI-2260,1,1,Transit,2022,101.2510000,0.35247280,0.009700,1.620,,,,2609,G V,5534.00,0.94,0.99,247.6669998,49.0467891
TOI-2285 b,TOI-2285,1,1,Transit,2021,42.4090000,27.26955000,0.136300,1.740,19.50000,0.300000,1.54,284,,3491.00,0.46,0.45,332.5632644,58.7060934
TOI-2337 b,TOI-2337,1,1,Transit,2022,536.0460000,2.99432000,,10.088,508.52545,0.019000,,,,4780.00,3.22,1.32,290.6198948,60.8539035
TOI-237 b,TOI-237,1,1,Transit,2020,38.0749000,5.43609800,0.034100,1.440,,0.000000,3.70,388,M4.5 V,3212.00,0.21,0.18,353.2435381,-29.4164870
TOI-2406 b,TOI-2406,1,1,Transit,2021,55.4190000,3.07668960,0.022800,2.940,,0.260000,6.55,447,M4 V,3100.00,0.20,0.16,8.8060544,-3.3720833
TOI-2411 b,TOI-2411,1,1,Transit,2022,59.5362000,0.78269420,0.014400,1.680,,,,1355,,4099.00,0.68,0.65,20.9224567,-8.7017944
TOI-2421 b,TOI-2421,1,1,Transit,2022,327.9270000,4.34740320,0.054300,10.368,105.83686,0.000000,923.60,1534,,5607.00,1.75,1.13,33.1540208,-35.3909182
TOI-2427 b,TOI-2427,1,1,Transit,2022,28.5147000,1.30600110,0.020200,1.800,,,,1117,,4072.00,0.65,0.64,52.2917315,-31.3628665
TOI-2445 b,TOI-2445,1,1,Transit,2022,48.5820000,0.37112810,0.006400,1.250,,,,1060,,3333.00,0.27,0.25,43.3161555,0.0523366
TOI-251 b,TOI-251,1,1,Transit,2021,99.5230000,4.93777000,0.057410,2.740,317.83000,0.000000,,,,5875.00,0.88,1.04,353.0620655,-37.2558629
TOI-2545 b,TOI-2545,1,1,Transit,2022,107.1180000,7.99403700,,2.750,,,,,,5846.29,1.25,1.05,135.5458029,-3.4208194
TOI-2567 b,TOI-2567,1,1,Transit,2022,504.7750000,5.98394400,0.067200,10.929,63.88351,0.000000,558.00,1352,,5611.00,1.69,1.13,288.4656683,66.3479375
TOI-257 b,TOI-257,1,1,Transit,2021,76.9028000,18.38818000,0.152800,7.163,43.86032,0.000000,186.00,1027,,6095.00,1.87,1.41,47.5172608,-50.8322632
TOI-2570 b,TOI-2570,1,1,Transit,2022,361.8570000,2.98876150,0.041450,13.641,260.61929,0.000000,699.00,1431,,5771.00,1.09,1.06,87.1880397,32.0840435
TOI-2669 b,TOI-2669,1,1,Transit,2022,393.4430000,6.20340000,,19.728,193.87533,0.090000,,,,4800.00,4.10,1.19,134.7226445,-13.3125792
TOI-269 b,TOI-269,1,1,Transit,2021,57.0225000,3.69771040,0.034500,2.770,8.80000,0.425000,19.00,531,M2 V,3514.00,0.40,0.39,75.8462827,-54.1777213
TOI-270 b,TOI-270,1,3,Transit,2019,22.4793000,3.36015380,0.031970,1.206,1.58000,0.034000,,581,M,3506.00,0.38,0.39,68.4160804,-51.9573937
TOI-270 c,TOI-270,1,3,Transit,2019,22.4793000,5.66057310,0.045260,2.355,6.15000,0.027000,,488,M,3506.00,0.38,0.39,68.4160804,-51.9573937
TOI-270 d,TOI-270,1,3,Transit,2019,22.4793000,11.37957300,0.072100,2.133,4.78000,0.032000,,387,M,3506.00,0.38,0.39,68.4160804,-51.9573937
TOI-277 b,TOI-277,1,1,Transit,2022,64.6692000,3.99400000,0.026900,2.650,,,,,,4031.00,0.36,0.16,19.0766985,-20.9532772
TOI-3331 A b,TOI-3331 A,2,1,Transit,2022,217.1930000,2.01802310,0.031440,12.980,721.47048,0.000000,818.50,1488,,5609.00,0.95,1.02,271.3241672,-34.1071710
TOI-3362 b,TOI-3362,1,1,Transit,2021,366.9870000,18.09547000,0.153000,12.801,1598.35906,0.815000,,,,6532.00,1.83,1.45,155.9841428,-56.8431169
TOI-3540 A b,TOI-3540 A,2,1,Transit,2022,,3.11999900,0.042890,23.539,375.03752,0.000000,841.30,1498,,5810.00,1.23,1.08,328.9113712,28.1794996
TOI-3629 b,TOI-3629,1,1,Transit,2022,130.0910000,3.93655100,0.043000,8.295,82.63539,0.050000,39.00,690,M1,3870.00,0.60,0.63,359.7933851,39.3142556
TOI-3693 b,TOI-3693,1,1,Transit,2022,176.4360000,9.08851600,0.081300,12.599,324.18498,0.000000,68.60,801,,5321.00,0.79,0.87,15.6543938,51.3038918
TOI-3714 b,TOI-3714,2,1,Transit,2022,112.7100000,2.15484900,0.027000,11.321,222.47988,0.030000,54.00,750,M2,3660.00,0.51,0.53,69.5523415,39.4580035
TOI-3757 b,TOI-3757,1,1,Transit,2022,181.1390000,3.43875300,0.038450,12.000,85.30000,0.140000,55.40,759,M0 V,3913.00,0.62,0.64,91.0036423,55.0199793
TOI-3884 b,TOI-3884,1,1,Transit,2022,43.1448000,4.54456970,0.035400,6.000,16.50000,0.320000,7.42,463,M4,3269.00,0.30,0.28,181.5718341,12.5070258
TOI-411 b,TOI-411,1,2,Transit,2022,62.7792000,4.04030100,0.052800,1.720,,0.126000,,1378,F7/F8V,6040.00,1.16,1.10,54.8195380,-42.7630276
TOI-411 c,TOI-411,1,2,Transit,2022,62.7792000,9.57309600,0.093900,2.740,,0.160000,,1033,F7/F8V,6040.00,1.16,1.10,54.8195380,-42.7630276
TOI-4137 b,TOI-4137,1,1,Transit,2022,334.9930000,3.80161220,0.052220,13.574,457.67291,0.000000,1013.00,1570,,6202.00,1.44,1.31,77.6128790,70.3910790
TOI-421 b,TOI-421,2,2,Transit,2020,74.7969000,5.19672000,0.056000,2.680,7.17000,0.163000,154.57,981,G9 V,5325.00,0.87,0.85,81.8532824,-14.2767404
TOI-421 c,TOI-421,2,2,Transit,2020,74.7969000,16.06819000,0.118900,5.090,16.42000,0.152000,34.32,674,G9 V,5325.00,0.87,0.85,81.8532824,-14.2767404
TOI-431 b,TOI-431,1,3,Transit,2021,32.5686000,0.49004700,0.011300,1.280,3.07000,0.000000,,1862,,4850.00,0.73,0.78,83.2692502,-26.7238698
TOI-431 c,TOI-431,1,3,Radial Velocity,2021,32.5686000,4.84940000,0.052000,,,0.000000,,867,,4850.00,0.73,0.78,83.2692502,-26.7238698
TOI-431 d,TOI-431,1,3,Transit,2021,32.5686000,12.46103000,0.098000,3.290,9.90000,0.000000,,633,,4850.00,0.73,0.78,83.2692502,-26.7238698
TOI-4329 b,TOI-4329,1,1,Transit,2022,717.1280000,2.92230000,,16.813,143.02278,0.068000,,,,6000.00,2.31,1.54,329.5639152,71.1316048
TOI-4479 b,TOI-4479,1,1,Transit,2022,80.6532000,1.15890000,0.016400,2.820,,,92.50,861,M3.0,3400.00,0.45,0.45,316.0969388,24.6536739
TOI-451 b,TOI-451,2,3,Transit,2020,123.7390000,1.85870300,0.028300,1.910,,0.000000,,1491,,5550.00,0.88,0.95,62.9663850,-37.9397300
TOI-451 c,TOI-451,2,3,Transit,2020,123.7390000,9.19252200,0.082300,3.100,,0.000000,,875,,5550.00,0.88,0.95,62.9663850,-37.9397300
TOI-451 d,TOI-451,2,3,Transit,2020,123.7390000,16.36498800,0.120800,4.070,,0.000000,,722,,5550.00,0.88,0.95,62.9663850,-37.9397300
TOI-481 b,TOI-481,1,1,Transit,2020,179.3660000,10.33111000,0.097000,11.097,486.27990,0.153000,,1370,G,5735.00,1.66,1.14,110.5126861,-57.3849980
TOI-500 b,TOI-500,1,4,Transit,2022,47.3924000,0.54817700,0.011890,1.166,1.42000,0.063000,1138.00,1617,K6 V,4440.00,0.68,0.74,106.5590980,-47.5878156
TOI-5153 b,TOI-5153,1,1,Transit,2022,390.4840000,20.33003000,0.158000,11.882,1036.12061,0.091000,,906,F8 V,6300.00,1.40,1.24,91.5403204,-19.9534443
TOI-5174 b,TOI-5174,1,1,Transit,2022,197.2430000,12.21428600,,5.351,,,,,,5643.77,1.09,1.00,174.1094967,-2.0233506
TOI-519 b,TOI-519,1,1,Transit,2021,115.5570000,1.26523280,0.012000,11.994,4449.62000,,,760,M3.5,3350.00,0.37,0.37,124.6067582,-19.6627918
TOI-5238 b,TOI-5238,1,1,Transit,2022,290.6460000,4.87217100,,5.220,,,,,,5631.00,1.02,1.00,223.3588909,68.8594720
TOI-530 b,TOI-530,1,1,Transit,2021,148.7620000,6.38759700,0.052000,9.303,127.13136,0.000000,,565,M0.5 V,3659.00,0.54,0.53,103.4128333,12.8815784
TOI-532 b,TOI-532,1,1,Transit,2021,135.0470000,2.32665080,0.029600,5.820,61.50000,0.000000,94.10,867,,3927.00,0.61,0.64,85.0800537,11.5626373
TOI-5398 b,TOI-5398,1,1,Transit,2022,130.8550000,10.59092300,,11.657,,,,,,6017.10,1.05,1.11,161.8795569,36.3294345
TOI-540 b,TOI-540,1,1,Transit,2020,14.0022000,1.23914910,0.012230,0.903,,0.000000,23.40,611,M V,3216.00,0.19,0.16,76.3096949,-47.9375391
TOI-544 b,TOI-544,1,1,Transit,2022,41.1166000,1.54835100,0.025100,2.030,,,,1082,,4369.00,0.66,0.85,82.2900716,-0.3428983
TOI-5542 b,TOI-5542,1,1,Transit,2022,348.8490000,75.12375000,0.332000,11.310,419.53350,0.018000,9.60,441,G3 V,5700.00,1.06,0.89,302.7984228,-61.1354659
TOI-558 b,TOI-558,1,1,Transit,2021,402.6300000,14.57407100,0.129100,12.173,1147.36055,0.298000,,1061,F V,6466.00,1.50,1.35,42.2915093,-58.0246828
TOI-559 b,TOI-559,1,1,Transit,2021,233.2660000,6.98390950,0.072300,12.229,1910.14873,0.151000,,1180,G V,5925.00,1.23,1.03,46.8186159,-31.1629951
TOI-561 b,TOI-561,1,5,Transit,2020,85.7990000,0.44657800,0.010550,1.423,1.59000,0.000000,,,G9 V,5455.00,0.85,0.79,148.1851516,6.2161030
TOI-561 c,TOI-561,1,5,Transit,2020,85.7990000,10.77900000,0.088090,2.878,5.40000,0.060000,,,G9 V,5455.00,0.85,0.79,148.1851516,6.2161030
TOI-561 d,TOI-561,1,5,Transit,2020,85.7990000,25.62000000,0.156900,2.530,11.95000,0.051000,,,G9 V,5455.00,0.85,0.79,148.1851516,6.2161030
TOI-561 e,TOI-561,1,5,Transit,2020,85.7990000,77.23000000,0.327400,2.670,16.00000,0.061000,,,G9 V,5455.00,0.85,0.79,148.1851516,6.2161030
TOI-561 f,TOI-561,1,5,Transit,2020,85.7990000,16.28700000,0.117400,2.320,3.00000,0.000000,,750,,5326.00,0.83,0.81,148.1851516,6.2161030
TOI-564 b,TOI-564,1,1,Transit,2020,199.5810000,1.65114400,0.027340,11.433,464.98529,0.072000,1423.00,1714,,5640.00,1.09,1.00,130.2951535,-16.0363275
TOI-620 b,TOI-620,1,1,Transit,2022,33.0231000,5.09881790,0.048250,3.760,,0.220000,20.80,604,M2.5 V,3708.00,0.55,0.58,142.1734459,-12.1671652
TOI-628 b,TOI-628,1,1,Transit,2021,178.6800000,3.40956750,0.048600,11.882,2011.86390,0.072000,,1586,,6250.00,1.34,1.31,99.2630608,1.7675497
TOI-640 b,TOI-640,1,1,Transit,2021,341.9970000,5.00377750,0.066080,19.851,279.69040,0.050000,,1749,,6460.00,2.08,1.54,99.7345935,-36.6461300
TOI-674 b,TOI-674,1,1,Transit,2021,46.0851000,1.97714300,0.025000,5.250,23.60000,0.000000,38.40,635,M2 V,3514.00,0.42,0.42,164.5865592,-36.8581092
TOI-677 b,TOI-677,1,1,Transit,2020,141.8120000,11.23660000,0.103800,13.115,392.83788,0.435000,,1252,F8,6295.00,1.28,1.18,144.1193594,-50.4630933
TOI-700 b,TOI-700,1,3,Transit,2020,31.1265000,9.97702000,0.067700,1.037,,0.081000,5.00,417,,3461.00,0.42,0.41,97.0957165,-65.5786149
TOI-700 c,TOI-700,1,3,Transit,2020,31.1265000,16.05111000,0.092900,2.650,,0.078000,2.66,356,,3461.00,0.42,0.41,97.0957165,-65.5786149
TOI-700 d,TOI-700,1,3,Transit,2020,31.1265000,37.42475000,0.163300,1.144,,0.111000,0.85,269,,3461.00,0.42,0.41,97.0957165,-65.5786149
TOI-712 b,TOI-712,1,3,Transit,2022,58.6212000,9.53136100,0.079280,2.049,,0.540000,22.60,650,K4.5 V,4622.00,0.67,0.73,92.9361063,-65.8258386
TOI-712 c,TOI-712,1,3,Transit,2022,58.6212000,51.69906000,0.244700,2.701,,0.089000,3.08,370,K4.5 V,4622.00,0.67,0.73,92.9361063,-65.8258386
TOI-712 d,TOI-712,1,3,Transit,2022,58.6212000,84.83960000,0.340500,2.474,,0.073000,1.60,314,K4.5 V,4622.00,0.67,0.73,92.9361063,-65.8258386
TOI-763 b,TOI-763,1,2,Transit,2020,95.1274000,5.60570000,0.060000,2.280,9.79000,0.040000,,1038,G,5450.00,0.90,0.92,194.4680980,-39.7580613
TOI-763 c,TOI-763,1,2,Transit,2020,95.1274000,12.27370000,0.101100,2.630,9.32000,0.040000,,800,G,5450.00,0.90,0.92,194.4680980,-39.7580613
TOI-776 b,TOI-776,1,2,Transit,2020,27.1701000,8.24661000,0.065200,1.850,4.00000,0.060000,11.50,514,M1 V,3709.00,0.54,0.54,178.5779970,-37.5533568
TOI-776 c,TOI-776,1,2,Transit,2020,27.1701000,15.66530000,0.100000,2.020,5.30000,0.040000,4.90,415,M1 V,3709.00,0.54,0.54,178.5779970,-37.5533568
TOI-813 b,TOI-813,1,1,Transit,2020,263.1450000,83.89110000,0.423000,6.710,,0.000000,23.10,610,G0 IV,5907.00,1.94,1.32,72.6940102,-60.9054608
TOI-824 b,TOI-824,1,1,Transit,2020,63.9262000,1.39297800,0.021770,2.926,18.46700,,412.00,1253,K4 V,4600.00,0.69,0.71,222.1654705,-57.5888666
TOI-833 b,TOI-833,1,1,Transit,2022,41.7148000,1.04187770,0.017100,1.270,,,,1118,,3920.00,0.60,0.61,145.6454720,-62.4758857
TOI-837 b,TOI-837,1,1,Transit,2020,142.4880000,8.32487620,,8.631,,0.000000,,,G0/F9 V,6047.00,1.02,1.12,157.0372806,-64.5052107
TOI-849 b,TOI-849,1,1,Transit,2020,225.7340000,0.76552414,0.015980,3.444,39.09000,0.000000,,,G,5373.80,0.92,0.93,28.7157956,-29.4217086
TOI-892 b,TOI-892,1,1,Transit,2020,340.5430000,10.62656000,0.092000,11.994,301.93850,0.125000,,1397,F,6261.00,1.39,1.28,86.7382280,-11.2353401
TOI-905 b,TOI-905,1,1,Transit,2020,158.6490000,3.73949400,0.046660,13.126,211.99261,0.024000,337.00,1192,,5570.00,0.92,0.97,227.6586754,-71.3616316
TOI-942 b,TOI-942,3,2,Transit,2020,152.6010000,4.32419000,0.047960,4.810,826.35800,0.000000,,,,4928.00,1.02,0.79,76.6496172,-20.2456126
TOI-942 c,TOI-942,3,2,Transit,2020,152.6010000,10.15643000,0.084700,5.790,794.57500,0.000000,,,,4928.00,1.02,0.79,76.6496172,-20.2456126
TOI-954 b,TOI-954,1,1,Transit,2020,238.7680000,3.68497290,0.049630,9.550,55.30242,0.140000,1393.00,1526,,5710.00,1.89,1.20,61.9410587,-25.2088028
TOI-969 b,TOI-969,1,2,Transit,2022,77.2554000,1.82373050,0.026360,2.765,9.10000,,188.00,941,K V,4435.00,0.67,0.73,115.1366858,2.0985879
WASP-126 c,WASP-126,1,2,Transit Timing Variations,2019,216.5260000,7.63000000,,,64.20000,0.050000,,,,5800.00,1.27,1.12,63.3747060,-69.2265926
WASP-132 c,WASP-132,1,2,Transit,2022,122.9100000,1.01153400,0.018200,1.850,37.35000,0.130000,,,K4,4714.00,0.75,0.78,217.6091998,-46.1595160
WASP-18 c,WASP-18,2,2,Transit Timing Variations,2019,123.4830000,2.15580000,0.035000,,55.20000,0.015000,,,,6400.00,1.23,1.22,24.3544618,-45.6777937
WD 1856+534 b,WD 1856+534,3,1,Transit,2020,24.7359000,1.40794050,0.020400,10.400,4386.05400,0.000000,0.18,163,,4710.00,0.01,0.52,284.4156750,53.5090244
pi Men c,HD 39091,1,3,Transit,2018,18.2702000,6.26790772,0.068647,,,0.076939,,,,,,1.10,84.2992798,-80.4646041
